ID;Heure de début;Heure de fin;Adresse de messagerie;Nom;Total points;Quiz feedback;Heure de la dernière modification;Votre nom;Points - Votre nom;Feedback - Votre nom;Votre date de naissance;Points - Votre date de naissance;Feedback - Votre date de naissance;Combien de langues parlez-vous?;Points - Combien de langues parlez-vous?;Feedback - Combien de langues parlez-vous?;Avez-vous suivi le cours de phonologie ou de phonétique?;Points - Avez-vous suivi le cours de phonologie ou de phonétique?;Feedback - Avez-vous suivi le cours de phonologie ou de phonétique?;Est-ce que toutes les langues utilisent des voyelles dans leur système phonétique?;Points - Est-ce que toutes les langues utilisent des voyelles dans leur système phonétique?;Feedback - Est-ce que toutes les langues utilisent des voyelles dans leur système phonétique?;Le français est-il la seule langue avec des voyelles nasales?;Points - Le français est-il la seule langue avec des voyelles nasales?;Feedback - Le français est-il la seule langue avec des voyelles nasales?;Est-ce que certaines langues ont plus de consonnes que de voyelles?;Points - Est-ce que certaines langues ont plus de consonnes que de voyelles?;Feedback - Est-ce que certaines langues ont plus de consonnes que de voyelles?;"Toutes les langues ont-elles des consonnes plosives comme le ""p"" et le ""b""?";"Points - Toutes les langues ont-elles des consonnes plosives comme le ""p"" et le ""b""?";"Feedback - Toutes les langues ont-elles des consonnes plosives comme le ""p"" et le ""b""?";Existe-t-il des langues qui n’utilisent pas le son [l]?;Points - Existe-t-il des langues qui n’utilisent pas le son [l]?;Feedback - Existe-t-il des langues qui n’utilisent pas le son [l]?;"Le ""r"" français (comme dans ""rouge"") se retrouve-t-il dans toutes les langues?";"Points - Le ""r"" français (comme dans ""rouge"") se retrouve-t-il dans toutes les langues?";"Feedback - Le ""r"" français (comme dans ""rouge"") se retrouve-t-il dans toutes les langues?";Y a-t-il des langues sans voyelles arrondies?;Points - Y a-t-il des langues sans voyelles arrondies?;Feedback - Y a-t-il des langues sans voyelles arrondies?;Le chinois est-il la seule langue qui utilise des tons?;Points - Le chinois est-il la seule langue qui utilise des tons?;Feedback - Le chinois est-il la seule langue qui utilise des tons?;Est-ce que toutes les langues du monde ont des mots qui riment?;Points - Est-ce que toutes les langues du monde ont des mots qui riment?;Feedback - Est-ce que toutes les langues du monde ont des mots qui riment?;"Toutes les langues utilisent-elles le son [s] comme dans ""soleil""?";"Feedback - Toutes les langues utilisent-elles le son [s] comme dans ""soleil""?";"Points - Toutes les langues utilisent-elles le son [s] comme dans ""soleil""?"
5;11-9-23 12:36:08;11-9-23 12:37:02;anonymous;;;;;Masse;;;11-13-2023;;;2;;;Oui;;;Non;;;Non;;;Oui;;;Non;;;Oui;;;Non;;;Oui;;;Non;;;Non;;;Non;;
6;11-9-23 12:36:18;11-9-23 12:37:51;anonymous;;;;;Jérémy;;;12-8-2000;;;1;;;Oui;;;Oui;;;Non;;;Oui;;;Oui;;;Oui;;;Non;;;Non;;;Non;;;Oui;;;Oui;;
7;11-9-23 12:36:00;11-9-23 12:38:01;anonymous;;;;;Nadine Berthiaume;;;7-27-2003;;;2;;;Oui;;;Oui;;;Non;;;Non;;;Oui;;;Oui;;;Non;;;Non;;;Non;;;Non;;;Non;;
8;11-9-23 12:35:54;11-9-23 12:38:20;anonymous;;;;;Anne-Sophie Beaudin;;;4-1-2003;;;3;;;Oui;;;Oui;;;Non;;;Oui;;;Non;;;Oui;;;Non;;;Non;;;Non;;;Non;;;Non;;
9;11-9-23 12:36:14;11-9-23 12:38:21;anonymous;;;;;Elizabeth Hamel;;;9-17-2004;;;2;;;Oui;;;Oui;;;Non;;;Oui;;;Non;;;Oui;;;Non;;;Non;;;Non;;;Non;;;Oui;;
10;11-9-23 12:36:21;11-9-23 12:38:29;anonymous;;;;;Auriane;;;2-11-2003;;;3;;;Oui;;;Oui;;;Non;;;Oui;;;Oui;;;Oui;;;Non;;;Non;;;Non;;;Non;;;Non;;
11;11-9-23 12:35:54;11-9-23 12:38:30;anonymous;;;;;Émy Bouchard;;;4-27-2004;;;1;;;Oui;;;Oui;;;Non;;;Oui;;;Non;;;Oui;;;Non;;;Oui;;;Oui;;;Oui;;;Oui;;
12;11-9-23 12:36:24;11-9-23 12:38:30;anonymous;;;;;Léandre Pagé;;;6-3-2004;;;3;;;Oui;;;Oui;;;Non;;;Oui;;;Non;;;Oui;;;Non;;;Non;;;Non;;;Oui;;;Non;;
13;11-9-23 12:36:23;11-9-23 12:38:48;anonymous;;;;;Mallorie Lemieux;;;6-18-2003;;;1;;;Oui;;;Non;;;Non;;;Oui;;;Non;;;Oui;;;Non;;;Oui;;;Non;;;Oui;;;Non;;
14;11-9-23 12:36:27;11-9-23 12:38:57;anonymous;;;;;Yoan-Kim Larochelle;;;5-28-2003;;;2;;;Oui;;;Non;;;Non;;;Oui;;;Non;;;Oui;;;Oui;;;Oui;;;Non;;;Non;;;Non;;
15;11-9-23 12:36:41;11-9-23 12:39:07;anonymous;;;;;Élizabeth Guay;;;7-15-2010;;;2;;;Oui;;;Oui;;;Non;;;Oui;;;Oui;;;Oui;;;Non;;;Oui;;;Non;;;Oui;;;Oui;;
16;11-9-23 12:36:10;11-9-23 12:39:21;anonymous;;;;;Marianne Paradis;;;9-4-2003;;;1;;;Oui;;;Non;;;Non;;;Oui;;;Non;;;Oui;;;Non;;;Oui;;;Non;;;Non;;;Non;;
17;11-9-23 12:36:26;11-9-23 12:39:33;anonymous;;;;;Koralie Fréchette;;;12-2-2002;;;1;;;Oui;;;Oui;;;Non;;;Oui;;;Non;;;Oui;;;Non;;;Non;;;Non;;;Oui;;;Non;;
18;11-9-23 12:37:55;11-9-23 12:39:37;anonymous;;;;;Marie-Eve Tremblay;;;8-7-2000;;;2;;;Non;;;Oui;;;Non;;;Oui;;;Non;;;Oui;;;Non;;;Oui;;;Non;;;Oui;;;Oui;;
19;11-9-23 12:36:00;11-9-23 12:39:42;anonymous;;;;;Rose Dubé;;;9-23-2004;;;1;;;Oui;;;Oui;;;Non;;;Oui;;;Oui;;;Oui;;;Non;;;Oui;;;Non;;;Oui;;;Oui;;
20;11-9-23 12:36:04;11-9-23 12:39:56;anonymous;;;;;Camille Vallee;;;11-28-2002;;;1;;;Oui;;;Oui;;;Non;;;Oui;;;Oui;;;Non;;;Non;;;Oui;;;Non;;;Oui;;;Oui;;
21;11-9-23 12:36:27;11-9-23 12:40:14;anonymous;;;;;Ariane;;;2-23-2003;;;1;;;Oui;;;Oui;;;Non;;;Oui;;;Oui;;;Non;;;Non;;;Oui;;;Non;;;Oui;;;Non;;
22;11-9-23 12:36:21;11-9-23 12:42:41;anonymous;;;;;Marie-Joëlle Turmel-Brunelle ;;;10-22-1996;;;1;;;Oui;;;Oui;;;Non;;;Oui;;;Non;;;Oui;;;Non;;;Oui;;;Non;;;Oui;;;Oui;;